{"cameraMode":{"drawMode":0,"name":"Shaded","section":"Shading Mode"},"sceneLighting":true,"audioPlay":false,"sceneViewState":{"showFog":false,"showMaterialUpdate":false,"showSkybox":false,"showFlares":false,"showImageEffects":false,"showParticleSystems":false},"in2DMode":false,"pivot":{"x":-0.1587102711200714,"y":1.7306655645370484,"z":3.4486165046691896},"rotation":{"x":0.005990158300846815,"y":0.010196666233241558,"z":0.0000620343562331982,"w":-0.9999313950538635},"size":1.8937296867370606,"orthographic":false}