{"cameraMode":{"drawMode":0,"name":"Shaded","section":"Shading Mode"},"sceneLighting":false,"audioPlay":false,"sceneViewState":{"showFog":false,"showMaterialUpdate":false,"showSkybox":false,"showFlares":false,"showImageEffects":false,"showParticleSystems":false},"in2DMode":false,"pivot":{"x":-0.06516363471746445,"y":0.04195588827133179,"z":-0.04626816511154175},"rotation":{"x":-0.3444004952907562,"y":0.0849062129855156,"z":-0.031291186809539798,"w":-0.9344584941864014},"size":0.19365377724170686,"orthographic":false}