{"cameraMode":{"drawMode":0,"name":"Shaded","section":"Shading Mode"},"sceneLighting":true,"audioPlay":false,"sceneViewState":{"showFog":false,"showMaterialUpdate":false,"showSkybox":false,"showFlares":false,"showImageEffects":false,"showParticleSystems":false},"in2DMode":false,"pivot":{"x":-0.029010329395532609,"y":1.376011610031128,"z":4.803852081298828},"rotation":{"x":0.005391210317611694,"y":-0.008073223754763604,"z":-0.00004107296990696341,"w":-0.9999820590019226},"size":2.553330183029175,"orthographic":false}