{"cameraMode":{"drawMode":0,"name":"Shaded","section":"Shading Mode"},"sceneLighting":false,"audioPlay":false,"sceneViewState":{"showFog":false,"showMaterialUpdate":false,"showSkybox":false,"showFlares":false,"showImageEffects":false,"showParticleSystems":false},"in2DMode":false,"pivot":{"x":2.2786498069763185,"y":1.6732230186462403,"z":1.590149164199829},"rotation":{"x":0.01199011318385601,"y":-0.004802621901035309,"z":-0.00005663816773449071,"w":-0.9999182224273682},"size":0.36354631185531618,"orthographic":false}