{"cameraMode":{"drawMode":0,"name":"Shaded","section":"Shading Mode"},"sceneLighting":true,"audioPlay":false,"sceneViewState":{"showFog":false,"showMaterialUpdate":false,"showSkybox":false,"showFlares":false,"showImageEffects":false,"showParticleSystems":false},"in2DMode":false,"pivot":{"x":-1.9295822381973267,"y":1.757631540298462,"z":3.5036933422088625},"rotation":{"x":-0.07891315221786499,"y":0.11309406161308289,"z":-0.00901029258966446,"w":-0.9904059171676636},"size":2.793729543685913,"orthographic":false}