{"cameraMode":{"drawMode":0,"name":"Shaded","section":"Shading Mode"},"sceneLighting":true,"audioPlay":false,"sceneViewState":{"showFog":false,"showMaterialUpdate":false,"showSkybox":false,"showFlares":false,"showImageEffects":false,"showParticleSystems":false},"in2DMode":false,"pivot":{"x":-2.1642322540283205,"y":1.2934294939041138,"z":2.808237075805664},"rotation":{"x":-0.07992936670780182,"y":0.048436589539051059,"z":-0.0038917544297873976,"w":-0.9956228733062744},"size":2.6096279621124269,"orthographic":false}