{"cameraMode":{"drawMode":0,"name":"Shaded","section":"Shading Mode"},"sceneLighting":true,"audioPlay":false,"sceneViewState":{"showFog":false,"showMaterialUpdate":false,"showSkybox":false,"showFlares":false,"showImageEffects":false,"showParticleSystems":false},"in2DMode":false,"pivot":{"x":0.04367375001311302,"y":2.1447482109069826,"z":4.0851569175720219},"rotation":{"x":0.024888213723897935,"y":-0.006886083632707596,"z":-0.00017938048404175788,"w":-0.99968421459198},"size":2.3096280097961427,"orthographic":false}