{"cameraMode":{"drawMode":0,"name":"Shaded","section":"Shading Mode"},"sceneLighting":true,"audioPlay":false,"sceneViewState":{"showFog":false,"showMaterialUpdate":false,"showSkybox":false,"showFlares":false,"showImageEffects":false,"showParticleSystems":false},"in2DMode":false,"pivot":{"x":-0.7289726138114929,"y":1.5603634119033814,"z":2.6415936946868898},"rotation":{"x":-0.08002021163702011,"y":-0.009857011027634144,"z":0.0007880395860411227,"w":-0.9967523217201233},"size":1.40962815284729,"orthographic":false}