{"cameraMode":{"drawMode":0,"name":"Shaded","section":"Shading Mode"},"sceneLighting":false,"audioPlay":false,"sceneViewState":{"showFog":false,"showMaterialUpdate":false,"showSkybox":false,"showFlares":false,"showImageEffects":false,"showParticleSystems":false},"in2DMode":false,"pivot":{"x":0.0820000022649765,"y":1.1660000085830689,"z":1.5800000429153443},"rotation":{"x":-0.0036090051289647819,"y":0.006611605174839497,"z":-0.000028601691155927256,"w":-0.9999865889549255},"size":0.1583528220653534,"orthographic":false}