{"cameraMode":{"drawMode":0,"name":"Shaded","section":"Shading Mode"},"sceneLighting":true,"audioPlay":false,"sceneViewState":{"showFog":false,"showMaterialUpdate":false,"showSkybox":false,"showFlares":false,"showImageEffects":false,"showParticleSystems":false},"in2DMode":false,"pivot":{"x":-1.0851740837097169,"y":1.7253059148788453,"z":3.3217110633850099},"rotation":{"x":0.01888895407319069,"y":-0.009886553511023522,"z":-0.00018994472338818014,"w":-0.9997804164886475},"size":1.1096282005310059,"orthographic":false}