{"cameraMode":{"drawMode":0,"name":"Shaded","section":"Shading Mode"},"sceneLighting":true,"audioPlay":false,"sceneViewState":{"showFog":false,"showMaterialUpdate":false,"showSkybox":false,"showFlares":false,"showImageEffects":false,"showParticleSystems":false},"in2DMode":false,"pivot":{"x":-0.006587043404579163,"y":1.7261232137680054,"z":3.4487152099609377},"rotation":{"x":0.005390677601099014,"y":-0.00988772138953209,"z":-0.00005170430085854605,"w":-0.999942421913147},"size":1.8937296867370606,"orthographic":false}