{"cameraMode":{"drawMode":0,"name":"Shaded","section":"Shading Mode"},"sceneLighting":true,"audioPlay":false,"sceneViewState":{"showFog":false,"showMaterialUpdate":false,"showSkybox":false,"showFlares":false,"showImageEffects":false,"showParticleSystems":false},"in2DMode":false,"pivot":{"x":0.014138178899884224,"y":1.708411455154419,"z":3.4568090438842775},"rotation":{"x":-0.029104916378855706,"y":-0.0038862780202180149,"z":0.0001147739021689631,"w":-0.9995748400688171},"size":1.5937297344207764,"orthographic":false}