{"cameraMode":{"drawMode":0,"name":"Shaded","section":"Shading Mode"},"sceneLighting":true,"audioPlay":false,"sceneViewState":{"showFog":false,"showMaterialUpdate":false,"showSkybox":false,"showFlares":false,"showImageEffects":false,"showParticleSystems":false},"in2DMode":false,"pivot":{"x":0.47478294372558596,"y":3.6112606525421144,"z":-2.0511960983276369},"rotation":{"x":-0.03161631524562836,"y":0.9416181445121765,"z":-0.09239406883716583,"w":-0.3222109377384186},"size":7.244753360748291,"orthographic":false}