{"cameraMode":{"drawMode":0,"name":"Shaded","section":"Shading Mode"},"sceneLighting":true,"audioPlay":false,"sceneViewState":{"showFog":false,"showMaterialUpdate":false,"showSkybox":false,"showFlares":false,"showImageEffects":false,"showParticleSystems":false},"in2DMode":false,"pivot":{"x":1.7509455680847169,"y":0.6935684680938721,"z":11.733026504516602},"rotation":{"x":-0.07664159685373306,"y":-0.10060452669858933,"z":0.007776710670441389,"w":-0.9919763803482056},"size":8.97951889038086,"orthographic":false}